<?xml version="1.0" encoding="utf-8" ?>
<dwsync>
<file name="addcourse.php" server="shribalajiinfraheights.com/public_html/qassess.org/" local="131227175249250248" remote="131197872000000000" Dst="0" />
<file name="addnewpage.php" server="shribalajiinfraheights.com/public_html/qassess.org/" local="131227175249756473" remote="131200024800000000" Dst="0" />
<file name="code_view.php" server="shribalajiinfraheights.com/public_html/qassess.org/" local="131227175250708757" remote="131197872000000000" Dst="0" />
<file name="configration.php" server="shribalajiinfraheights.com/public_html/qassess.org/" local="131227175256186895" remote="131197872000000000" Dst="0" />
<file name="course.php" server="shribalajiinfraheights.com/public_html/qassess.org/" local="131227175256637986" remote="131197872000000000" Dst="0" />
<file name="dashboard_view.php" server="shribalajiinfraheights.com/public_html/qassess.org/" local="131227175256838497" remote="131197872000000000" Dst="0" />
<file name="page.php" server="shribalajiinfraheights.com/public_html/qassess.org/" local="131227175261740527" remote="131197872000000000" Dst="0" />
<file name="profile.php" server="shribalajiinfraheights.com/public_html/qassess.org/" local="131227175262196630" remote="131199180600000000" Dst="0" />
<file name="updatecourse.php" server="shribalajiinfraheights.com/public_html/qassess.org/" local="131227175264712661" remote="131197872000000000" Dst="0" />
<file name="updatepage.php" server="shribalajiinfraheights.com/public_html/qassess.org/" local="131227175268947274" remote="131200029600000000" Dst="0" />
</dwsync>